[
  {
    "id": 1,
    "priority": 1,
    "action": { "type": "block" },
    "condition": {
      "urlFilter": "||google-analytics.com/analytics.js",
      "resourceTypes": ["script"]
    }
  },
  {
    "id": 2,
    "priority": 1,
    "action": { "type": "block" },
    "condition": {
      "urlFilter": "||facebook.net/",
      "resourceTypes": ["script"]
    }
  },
  {
    "id": 3,
    "priority": 1,
    "action": { "type": "block" },
    "condition": {
      "urlFilter": "||doubleclick.net/",
      "resourceTypes": ["script", "image", "xmlhttprequest"]
    }
  },
  {
    "id": 4,
    "priority": 1,
    "action": { "type": "block" },
    "condition": {
      "urlFilter": "||googletagmanager.com/gtm.js",
      "resourceTypes": ["script"]
    }
  },
  {
    "id": 5,
    "priority": 1,
    "action": { "type": "block" },
    "condition": {
      "urlFilter": "||googlesyndication.com/",
      "resourceTypes": ["script", "image", "xmlhttprequest"]
    }
  },
  {
    "id": 6,
    "priority": 1,
    "action": { "type": "block" },
    "condition": {
      "urlFilter": "||scorecardresearch.com/",
      "resourceTypes": ["script", "image", "xmlhttprequest"]
    }
  },
  {
    "id": 7,
    "priority": 1,
    "action": { "type": "block" },
    "condition": {
      "urlFilter": "||amazon-adsystem.com/",
      "resourceTypes": ["script", "image", "xmlhttprequest"]
    }
  },
  {
    "id": 8,
    "priority": 1,
    "action": { "type": "block" },
    "condition": {
      "urlFilter": "||criteo.com/",
      "resourceTypes": ["script", "image", "xmlhttprequest"]
    }
  },
  {
    "id": 9,
    "priority": 1,
    "action": { "type": "block" },
    "condition": {
      "urlFilter": "||hotjar.com/",
      "resourceTypes": ["script", "image", "xmlhttprequest"]
    }
  },
  {
    "id": 10,
    "priority": 1,
    "action": { "type": "block" },
    "condition": {
      "urlFilter": "||adnxs.com/",
      "resourceTypes": ["script", "image", "xmlhttprequest"]
    }
  }
]
